rouge1,rouge2,rougeL,rougeLsum
0.02412010144543935,0.0,0.023249327605885765,0.023342227992903797
